{
  "ALL": [
    [
      77.77777777777777,
      11.11111111111111
    ],
    [
      77.77777777777777,
      11.11111111111111
    ],
    [
      88.88888888888889,
      11.11111111111111
    ],
    [
      88.88888888888889,
      11.11111111111111
    ]
  ],
  "TIMEOUT": [
    [
      77.77777777777777,
      11.11111111111111
    ],
    [
      88.88888888888889,
      11.11111111111111
    ]
  ]
}