{
  "ALL": [
    [
      0.0,
      12.5
    ],
    [
      0.0,
      12.5
    ],
    [
      0.0,
      11.11111111111111
    ],
    [
      0.0,
      11.11111111111111
    ],
    [
      0.0,
      12.5
    ],
    [
      0.0,
      12.5
    ],
    [
      0.0,
      11.11111111111111
    ],
    [
      0.0,
      11.11111111111111
    ],
    [
      0.0,
      11.11111111111111
    ],
    [
      0.0,
      11.11111111111111
    ],
    [
      0.0,
      11.11111111111111
    ],
    [
      0.0,
      11.11111111111111
    ],
    [
      11.11111111111111,
      11.11111111111111
    ],
    [
      11.11111111111111,
      11.11111111111111
    ],
    [
      0.0,
      11.11111111111111
    ],
    [
      0.0,
      11.11111111111111
    ]
  ],
  "TIMEOUT": [
    [
      11.11111111111111,
      11.11111111111111
    ]
  ]
}