{
  "ALL": [
    [
      11.11111111111111,
      11.11111111111111
    ],
    [
      11.11111111111111,
      11.11111111111111
    ],
    [
      33.333333333333336,
      11.11111111111111
    ],
    [
      33.333333333333336,
      11.11111111111111
    ]
  ],
  "TIMEOUT": [
    [
      11.11111111111111,
      11.11111111111111
    ],
    [
      33.333333333333336,
      11.11111111111111
    ]
  ]
}