{
  "1048576": [
    4.303423,
    4.829423
  ],
  "51200": [
    0.872207,
    0.946369,
    1.026203,
    1.032,
    0.841,
    0.818818,
    0.957,
    1.256687,
    0.689348,
    1.299998,
    0.962009,
    1.015759
  ],
  "ALL": [
    0.872207,
    0.946369,
    1.026203,
    1.032,
    0.841,
    0.818818,
    0.957,
    4.303423,
    1.256687,
    0.689348,
    1.299998,
    0.962009,
    1.015759,
    4.829423
  ]
}