{
  "1048576": [
    0.840423,
    0.959187
  ],
  "51200": [
    0.869207,
    0.825319,
    0.96681,
    0.894454,
    0.656,
    0.778026,
    0.925679,
    0.918741,
    0.621348,
    1.184044,
    0.902009,
    1.00627
  ],
  "ALL": [
    0.869207,
    0.825319,
    0.96681,
    0.894454,
    0.656,
    0.778026,
    0.925679,
    0.840423,
    0.918741,
    0.621348,
    1.184044,
    0.902009,
    1.00627,
    0.959187
  ]
}